source,category,source_product,parent_sku,size_map,note
ALO,,ALO 3031黑色圆领,,,⚠ 需要人工填写 parent_sku
ALO,,ALO 3031灰色圆领,,,⚠ 需要人工填写 parent_sku
ALO,,ALO 3031粉色圆领,,,⚠ 需要人工填写 parent_sku
ALO,,ALO 3032黑色帽衫,,,⚠ 需要人工填写 parent_sku
ALO,,ALO 3032粉色帽衫,,,⚠ 需要人工填写 parent_sku
ALO,,ALO 3032浅灰帽衫,,,⚠ 需要人工填写 parent_sku
ALO,,ALO 3032蓝色帽衫,,,⚠ 需要人工填写 parent_sku
ALO,,ALO 3032咖色帽衫,,,⚠ 需要人工填写 parent_sku
ALO,,ALO 3040半拉链蓝色,,,⚠ 需要人工填写 parent_sku
ALO,,ALO 3040半拉链黑色,,,⚠ 需要人工填写 parent_sku
ALO,,ALO 3040半拉链浅灰色,,,⚠ 需要人工填写 parent_sku
ALO,,ALO 3041全拉链黑色,,,⚠ 需要人工填写 parent_sku
ALO,,ALO 3041全拉链浅灰色,,,⚠ 需要人工填写 parent_sku
ALO,,ALO 5012黑色平角裤,,,⚠ 需要人工填写 parent_sku
ALO,,ALO 5012浅灰色平角裤,,,⚠ 需要人工填写 parent_sku
PALLET,卫衣(hoodie),192SU-22-4410,192SU224410F,,SKU 相同
PALLET,卫衣(hoodie),192SU-22-4417,192SU224417F,,SKU 相同
PALLET,卫衣(hoodie),192SU-22-4418,192SU224418F,,SKU 相同
PALLET,卫衣(hoodie),192SU-22-2052,192SU222052F,,SKU 相同
PALLET,卫衣(hoodie),192SP-24-2052,192SP242052F,,SKU 相同
PALLET,卫衣(hoodie),192BT-21-2050,,,⚠ 需要人工填写 parent_sku
PALLET,卫衣(hoodie),192BT-21-2052,192BT212052F,,SKU 相同
PALLET,卫衣(hoodie),192BT-21-2053,192BT212053F,,SKU 相同
PALLET,卫衣(hoodie),192SP-23-2050,192SP232050F,,SKU 相同
PALLET,卫衣(hoodie),192SP-24-2051,,,⚠ 需要人工填写 parent_sku
PALLET,卫衣(hoodie),192BT-22-2051,192BT222051F,,SKU 相同
PALLET,卫衣(hoodie),192SP-23-2055,,,⚠ 需要人工填写 parent_sku
PALLET,卫衣(hoodie),192BT-21-2056,,,⚠ 需要人工填写 parent_sku
PALLET,卫衣(hoodie),192SP-24-2055,192SP242055F,,SKU 相同
PALLET,卫衣(hoodie),192HO-24-6250,192HO246250F,,SKU 相同
PALLET,卫衣(hoodie),192AS-25-2050,,,⚠ 需要人工填写 parent_sku
PALLET,卫衣(hoodie),192BT-22-2055,192BT222055F,,SKU 相同
PALLET,卫衣(hoodie),192SU-22-2054,192SU222054F,,SKU 相同
PALLET,卫衣(hoodie),192SU-22-2055,,,⚠ 需要人工填写 parent_sku
PALLET,卫衣(hoodie),192HO-24-6256,192HO246256F,,SKU 相同
PALLET,卫衣(hoodie),192HO-24-6254,192HO246254F,,SKU 相同
PALLET,卫衣(hoodie),192HO-24-6210,192HO246210F,,SKU 相同
PALLET,卫衣(hoodie),192BT-22-2052,192BT222052F,,SKU 相同
PALLET,卫衣(hoodie),192SU-22-2051,,,⚠ 需要人工填写 parent_sku
PALLET,卫衣(hoodie),192BT-23-2052,,,⚠ 需要人工填写 parent_sku
PALLET,卫衣(hoodie),192AS-25-2051,,,⚠ 需要人工填写 parent_sku
PALLET,卫衣(hoodie),192BT-23-2051,192BT232051F,,SKU 相同
PALLET,卫衣(hoodie),192SU-24-2052,,,⚠ 需要人工填写 parent_sku
PALLET,卫衣(hoodie),192HO-24-6259,192HO246259F,,SKU 相同
PALLET,卫衣(hoodie),192HO-24-6258,192HO246258F,,SKU 相同
PALLET,卫衣(hoodie),192HO-24-6251,192HO246251F,,SKU 相同
PALLET,卫衣(hoodie),192BT-21-2054,,,⚠ 需要人工填写 parent_sku
PALLET,卫衣(hoodie),192SU-22-2050,,,⚠ 需要人工填写 parent_sku
PALLET,卫衣(hoodie),192BT-22-2054,,,⚠ 需要人工填写 parent_sku
PALLET,裤子(pant),130BT-21-2030,130BT212030F,,SKU 相同
PALLET,裤子(pant),130BT-21-2032,130BT212032F,,SKU 相同
PALLET,裤子(pant),130BT-21-2033,130BT212033F,,SKU 相同
PALLET,裤子(pant),130SU-22-2022,130SU222022F,,SKU 相同
PALLET,裤子(pant),130SP-24-2022,,,⚠ 需要人工填写 parent_sku
PALLET,裤子(pant),130BT-21-2020,130BT212020F,,SKU 相同
PALLET,裤子(pant),130BT-21-2022,,,⚠ 需要人工填写 parent_sku
PALLET,裤子(pant),130BT-21-2023,,,⚠ 需要人工填写 parent_sku
PALLET,裤子(pant),130SP-23-2020,130SP232020F,,SKU 相同
PALLET,裤子(pant),130SP-24-2021,,,⚠ 需要人工填写 parent_sku
PALLET,裤子(pant),130BT-22-2021,130BT222021,,SKU 相同
PALLET,裤子(pant),130SP-23-2025,,,⚠ 需要人工填写 parent_sku
PALLET,裤子(pant),130BT-21-2028,,,⚠ 需要人工填写 parent_sku
PALLET,裤子(pant),130SP-24-2025,,,⚠ 需要人工填写 parent_sku
PALLET,裤子(pant),130HO-24-2020,130HO242020F,,SKU 相同
PALLET,裤子(pant),130AS-25-2020,,,⚠ 需要人工填写 parent_sku
PALLET,裤子(pant),130BT-22-2025,,,⚠ 需要人工填写 parent_sku
PALLET,裤子(pant),130SU-22-2024,,,⚠ 需要人工填写 parent_sku
PALLET,裤子(pant),130BT-23-2020,,,⚠ 需要人工填写 parent_sku
PALLET,裤子(pant),130HO-24-2026,130HO242026F,,SKU 相同
PALLET,裤子(pant),130HO-24-2024,130HO242024F,,SKU 相同
PALLET,裤子(pant),130BT-22-2022,130BT222022,,SKU 相同
PALLET,裤子(pant),130AS-25-2021,,,⚠ 需要人工填写 parent_sku
PALLET,裤子(pant),192HO-24-2029,,,⚠ 需要人工填写 parent_sku
PALLET,裤子(pant),130HO242028,130HO242028F,,SKU 相同
PALLET,平脚裤(relaxed)｜左,130BT-21-2170,130BT212170F,,SKU 相同
PALLET,平脚裤(relaxed)｜左,130BT-21-2172,130BT212172F,,SKU 相同
PALLET,平脚裤(relaxed)｜左,130BT-21-2173,130BT212173F,,SKU 相同
PALLET,平脚裤(relaxed)｜左,130BT-21-2040,,,⚠ 需要人工填写 parent_sku
PALLET,平脚裤(relaxed)｜左,130SU222042,,,⚠ 需要人工填写 parent_sku
PALLET,平脚裤(relaxed)｜左,130BT222041,,,⚠ 需要人工填写 parent_sku
PALLET,短裤(short)｜左,160BT-21-2010,160BT212010F,,SKU 相同
PALLET,短裤(short)｜左,160BT-21-2012,160BT212012F,,SKU 相同
PALLET,短裤(short)｜左,160Bt-21-2013,160BT212013F,,SKU 相同
PALLET,短裤(short)｜左,160BT-21-2000,160BT212000F,,SKU 相同
PALLET,短裤(short)｜左,160SU-22-2002,160SU222002F,,SKU 相同
PALLET,短裤(short)｜左,160SP-23-2000,,,⚠ 需要人工填写 parent_sku
PALLET,短裤(short)｜左,160SP-24-2001,,,⚠ 需要人工填写 parent_sku
PALLET,短裤(short)｜左,160BT-22-2001,160BT222001F,,SKU 相同
PALLET,短裤(short)｜左,160BT212004,,,⚠ 需要人工填写 parent_sku
PALLET,短裤(short)｜左,160SP-23-2005,,,⚠ 需要人工填写 parent_sku
PALLET,短裤(short)｜左,160BT-21-2008,160BT212008F,,SKU 相同
PALLET,短裤(short)｜左,160SP-24-2002,,,⚠ 需要人工填写 parent_sku
PALLET,短裤(short)｜左,160SU-22-2000,160SU222000F,,SKU 相同
PALLET,短裤(short)｜左,160AS-25-2000,,,⚠ 需要人工填写 parent_sku
PALLET,短裤(short)｜右,125BT-21-2060,125BT212060F,,SKU 相同
PALLET,短裤(short)｜右,125BT-21-2062,125BT212062F,,SKU 相同
PALLET,短裤(short)｜右,125BT-21-2063,125BT212063F,,SKU 相同
PALLET,短裤(short)｜右,125BT-21-2000,125BT212000,,SKU 相同
PALLET,短裤(short)｜右,125SU-22-2002,125SU222002F,,SKU 相同
PALLET,短裤(short)｜右,125SP-23-2000,125SP232000F,,SKU 相同
PALLET,短裤(short)｜右,125SP-24-4191,,,⚠ 需要人工填写 parent_sku
PALLET,短裤(short)｜右,125BT-22-2001,125BT222001,,SKU 相同
PALLET,短裤(short)｜右,125BT212004,125BT212004,,SKU 相同
PALLET,短裤(short)｜右,125BT222005,125BT222005,,SKU 相同
PALLET,短裤(short)｜右,125BT212003,125BT212003,,SKU 相同
PALLET,短裤(short)｜右,125SP-23-2005,,,⚠ 需要人工填写 parent_sku
PALLET,短裤(short)｜右,125BT-21-2008,125BT212008,,SKU 相同
PALLET,短裤(short)｜右,125SP-24-4192,,,⚠ 需要人工填写 parent_sku
PALLET,短裤(short)｜右,125SP-24-2001,,,⚠ 需要人工填写 parent_sku
PALLET,短裤(short)｜右,125AS-25-4190,125AS254190F,,SKU 相同
PALLET,短裤(short)｜右,125AS-25-4191,125AS254191F,,SKU 相同
PALLET,短裤(short)｜右,125AS-25-4192,125AS254192F,,SKU 相同
PALLET,短裤(short)｜右,125HO-24-4360,125HO244360F,,SKU 相同
PALLET,短裤(short)｜右,125HO-24-4369,125HO244369F,,SKU 相同
PALLET,短裤(short)｜右,125HO-24-4368,125HO244368F,,SKU 相同
PALLET,zip up 拉链｜左,192AS254780,,,⚠ 需要人工填写 parent_sku
PALLET,zip up 拉链｜左,192AS-25-4781,,,⚠ 需要人工填写 parent_sku
PALLET,ALO｜上衣(tops),3032 Black黑色帽衫,,,⚠ 需要人工填写 parent_sku
PALLET,ALO｜上衣(tops),3032 light grey浅灰帽衫,,,⚠ 需要人工填写 parent_sku
PALLET,ALO｜上衣(tops),3032 Pink.芭蕾粉帽衫,,,⚠ 需要人工填写 parent_sku
PALLET,ALO｜上衣(tops),3040 black zipper黑色半拉链,,,⚠ 需要人工填写 parent_sku
PALLET,ALO｜上衣(tops),3040 Grey zipper灰色半拉链,,,⚠ 需要人工填写 parent_sku
PALLET,ALO｜上衣(tops),Black crewneck黑色圆领,,,⚠ 需要人工填写 parent_sku
PALLET,ALO｜上衣(tops),Navy crewneck海军蓝圆领,,,⚠ 需要人工填写 parent_sku
PALLET,ALO｜裤子(pants),5012 Black黑色,,,⚠ 需要人工填写 parent_sku
PALLET,ALO｜裤子(pants),5012 H light grey浅灰,,,⚠ 需要人工填写 parent_sku
PALLET,Stussy｜上衣(tops),White,,,⚠ 需要人工填写 parent_sku（名称太短，工具不敢自动匹配）
PALLET,Stussy｜上衣(tops),Black,,,⚠ 需要人工填写 parent_sku（名称太短，工具不敢自动匹配）
PALLET,Sp5der｜卫衣(hoodie),Navy,SP5-H-NAVY,,祥旺人工确认（货盘 Sp5der 分区，请复核颜色对应）
PALLET,Sp5der｜卫衣(hoodie),brown,SP5-H-BROWN,,祥旺人工确认（货盘 Sp5der 分区，请复核颜色对应）
PALLET,Sp5der｜卫衣(hoodie),Brown,SP5-H-BROWN-BBV2,,祥旺人工确认（货盘 Sp5der 分区，请复核颜色对应）
PALLET,Sp5der｜卫衣(hoodie),Sky blue,SP5-H-SKYBLUE,,祥旺人工确认（货盘 Sp5der 分区，请复核颜色对应）
PALLET,Sp5der｜卫衣(hoodie),Rose red,SP5-H-ROSERED,,祥旺人工确认（货盘 Sp5der 分区，请复核颜色对应）
PALLET,Sp5der｜卫衣(hoodie),Black,SP5-H-BLACK,,祥旺人工确认（货盘 Sp5der 分区，请复核颜色对应）
PALLET,Sp5der｜卫衣(hoodie),Pink,SP5-H-PINK,,祥旺人工确认（货盘 Sp5der 分区，请复核颜色对应）
PALLET,Sp5der｜裤子(pant),Navy,SP5-P-NAVY,,祥旺人工确认（货盘 Sp5der 分区，请复核颜色对应）
PALLET,Sp5der｜裤子(pant),Brown#1,SP5-P-BROWN,,祥旺人工确认（货盘 Sp5der 分区，请复核颜色对应）
PALLET,Sp5der｜裤子(pant),PINK,SP5-P-PINK,,祥旺人工确认（货盘 Sp5der 分区，请复核颜色对应）
PALLET,Sp5der｜裤子(pant),ROSE RED,SP5-P-ROSERED,,祥旺人工确认（货盘 Sp5der 分区，请复核颜色对应）
PALLET,Sp5der｜裤子(pant),SKY BLUE,SP5-P-SKYBLUE,,祥旺人工确认（货盘 Sp5der 分区，请复核颜色对应）
PALLET,Sp5der｜裤子(pant),BBLACK,SP5-P-BLACK,,祥旺人工确认（货盘 Sp5der 分区，请复核颜色对应）
PALLET,Sp5der｜裤子(pant),Brown#2,SP5-P-BROWN-BBV2,,祥旺人工确认（货盘 Sp5der 分区，请复核颜色对应）
PALLET,Kith T-shirt｜T恤(tee),Stadium黑色,,,⚠ 需要人工填写 parent_sku
PALLET,Kith T-shirt｜T恤(tee),Plaster浅绿色,,,⚠ 需要人工填写 parent_sku
PALLET,Kith T-shirt｜T恤(tee),Sandrift.白色,,,⚠ 需要人工填写 parent_sku
SP5,,蜘蛛09款咖啡色(Brown BBV2)上衣 蓝花,SP5-H-BROWN-BBV2,,祥旺人工确认
SP5,,蜘蛛咖啡色(BROWN)上衣 粉花,SP5-H-BROWN,,祥旺人工确认
SP5,,蜘蛛黑色(BLACK)上衣  粉字母,SP5-H-BLACK,,祥旺人工确认
SP5,,蜘蛛玫红色(ROSE RED)上衣,SP5-H-ROSERED,,祥旺人工确认
SP5,,蜘蛛浅蓝色(SKY BLUE)上衣,SP5-H-SKYBLUE,,祥旺人工确认
SP5,,蜘蛛粉色(PINK)上衣,SP5-H-PINK,,祥旺人工确认
SP5,,蜘蛛上青色(NAVY)上衣,SP5-H-NAVY,,祥旺人工确认
SP5,,蜘蛛上青色(NAVY)裤子,SP5-P-NAVY,,祥旺人工确认
SP5,,蜘蛛粉色(PINK)裤子,SP5-P-PINK,,祥旺人工确认
SP5,,蜘蛛玫红色(ROSE RED)裤子,SP5-P-ROSERED,,祥旺人工确认
SP5,,蜘蛛浅蓝色(SKY BLUE)裤子,SP5-P-SKYBLUE,,祥旺人工确认
SP5,,蜘蛛黑色(BLACK)裤子,SP5-P-BLACK,,祥旺人工确认
SP5,,蜘蛛09款咖啡色(Brown BBV2)裤子 蓝花,SP5-P-BROWN-BBV2,,祥旺人工确认
SP5,,蜘蛛咖啡色(BROWN)裤子 粉花,SP5-P-BROWN,,祥旺人工确认
SP5,,BASIC STUSSY ZIP HOODIE(石灰白),,,⚠ 需要人工填写 parent_sku
SP5,,BASIC STUSSY ZIP HOODIE(海军蓝),,,⚠ 需要人工填写 parent_sku
SP5,,BASIC STUSSY ZIP HOODIE(黑色),,,⚠ 需要人工填写 parent_sku
SP5,,ASSC BLACK(黑色小字母) HOODIE,,,⚠ 需要人工填写 parent_sku
